tabella,campione,paese,anno,orbis,eurostat,n_sezioni,sezioni,fonte_eurostat,flag_eurostat,n_sezioni_sopra_1,copertura
CP_C,Totale,DE,2005,186067.65399998997,320806.3,1,C,sbs_na_2a_dade,,0,0.5799999999999688
CP_C,Totale,DE,2006,190003.53400000997,327592.3,1,C,sbs_na_2a_dade,,0,0.5800000000000305
CP_C,Totale,DE,2007,194373.94999999998,335127.5,1,C,sbs_na_2a_dade,,0,0.58
CP_C,Totale,DE,2008,191228.668,329704.6,1,C,sbs_na_sca_r2,,0,0.5800000000000001
CP_C,Totale,DE,2009,179547.58399999997,309564.8,1,C,sbs_na_sca_r2,,0,0.58
CP_C,Totale,DE,2010,186914.68599998998,322266.7,1,C,sbs_na_sca_r2,,0,0.5799999999999689
CP_C,Totale,DE,2019,281120.95400001004,484691.3,1,C,sbs_na_sca_r2,,0,0.5800000000000207
CP_C,Totale,DE,2020,266717.756,459858.2,1,C,sbs_na_sca_r2,,0,0.58
CP_C,Totale,DE,2021,282691.57080001,487399.26,1,C,sbs_ovw_act,,0,0.5800000000000205
CP_C,Totale,DE,2022,300931.95599999995,518848.2,1,C,sbs_ovw_act,,0,0.5799999999999998
CP_C,Totale,DE,2023,309989.497,534464.65,1,C,sbs_ovw_act,,0,0.58
CP_C,Totale,EE,2005,912.1440000099999,980.8,1,C,sbs_na_2a_dade,,0,0.9300000000101957
CP_C,Totale,EE,2006,1075.8239999999998,1156.8,1,C,sbs_na_2a_dade,,0,0.9299999999999999
CP_C,Totale,EE,2007,1291.119,1388.3,1,C,sbs_na_2a_dade,,0,0.9299999999999999
CP_C,Totale,EE,2008,1322.18099999,1421.7,1,C,sbs_na_sca_r2,,0,0.9299999999929661
CP_C,Totale,EE,2009,1041.59999999,1120.0,1,C,sbs_na_sca_r2,,0,0.9299999999910714
CP_C,Totale,EE,2010,1046.3429999999998,1125.1,1,C,sbs_na_sca_r2,,0,0.9299999999999999
CP_C,Totale,EE,2019,2132.769,2293.3,1,C,sbs_na_sca_r2,,0,0.9299999999999998
CP_C,Totale,EE,2020,2141.511,2302.7,1,C,sbs_na_sca_r2,,0,0.93
CP_C,Totale,EE,2021,2341.0797,2517.29,1,C,sbs_ovw_act,,0,0.9299999999999999
CP_C,Totale,EE,2022,2609.45910001,2805.87,1,C,sbs_ovw_act,,0,0.930000000003564
CP_C,Totale,EE,2023,2736.2739,2942.23,1,C,sbs_ovw_act,,0,0.93
CP_C,Totale,ES,2005,60791.191999999995,73242.4,1,C,sbs_na_2a_dade,,0,0.83
CP_C,Totale,ES,2006,63345.76599999,76320.2,1,C,sbs_na_2a_dade,,0,0.829999999999869
CP_C,Totale,ES,2007,65127.859,78467.3,1,C,sbs_na_2a_dade,,0,0.83
CP_C,Totale,ES,2008,65068.929000000004,78396.3,1,C,sbs_na_sca_r2,,0,0.8300000000000001
CP_C,Totale,ES,2009,57885.113,69741.1,1,C,sbs_na_sca_r2,,0,0.8299999999999998
CP_C,Totale,ES,2010,56767.103,68394.1,1,C,sbs_na_sca_r2,,0,0.83
CP_C,Totale,ES,2019,63724.163000010005,76776.1,1,C,sbs_na_sca_r2,,0,0.8300000000001303
CP_C,Totale,ES,2020,61874.59100001,74547.7,1,C,sbs_na_sca_r2,,0,0.8300000000001342
CP_C,Totale,ES,2021,65989.2164,79505.08,1,C,sbs_ovw_act,,0,0.8300000000000001
CP_C,Totale,ES,2022,69063.39529999999,83208.91,1,C,sbs_ovw_act,,0,0.8299999999999998
CP_C,Totale,ES,2023,74261.2537,89471.39,1,C,sbs_ovw_act,,0,0.8300000000000001
CP_C,Totale,FR,2005,120736.77,156801.0,1,C,sbs_na_2a_dade,,0,0.77
CP_C,Totale,FR,2006,121729.454,158090.2,1,C,sbs_na_2a_dade,,0,0.7699999999999999
CP_C,Totale,FR,2007,123271.61,160093.0,1,C,sbs_na_2a_dade,,0,0.77
CP_C,Totale,FR,2008,123087.811,159854.3,1,C,sbs_na_2a_dade,,0,0.77
CP_C,Totale,FR,2009,113036.616,146800.8,1,C,sbs_na_sca_r2,,0,0.77
CP_C,Totale,FR,2010,113403.29,147277.0,1,C,sbs_na_sca_r2,,0,0.7699999999999999
CP_C,Totale,FR,2019,141893.444,184277.2,1,C,sbs_na_sca_r2,,0,0.7699999999999999
CP_C,Totale,FR,2020,135784.80299999,176343.9,1,C,sbs_na_sca_r2,,0,0.7699999999999433
CP_C,Totale,FR,2021,141071.3458,183209.54,1,C,sbs_ovw_act,b,0,0.77
CP_C,Totale,FR,2022,147418.4173,191452.49,1,C,sbs_ovw_act,,0,0.77
CP_C,Totale,FR,2023,156562.72939999,203328.22,1,C,sbs_ovw_act,,0,0.7699999999999508
CP_C,Totale,GB,2005,84381.132,124089.9,1,C,sbs_na_2a_dade,,0,0.68
CP_C,Totale,GB,2006,86946.70400001001,127862.8,1,C,sbs_na_2a_dade,,0,0.6800000000000783
CP_C,Totale,GB,2007,87167.908,128188.1,1,C,sbs_na_2a_dade,,0,0.6799999999999999
CP_C,Totale,GB,2008,69491.24,102193.0,1,C,sbs_na_sca_r2,,0,0.68
CP_C,Totale,GB,2009,58223.912,85623.4,1,C,sbs_na_sca_r2,,0,0.68
CP_C,Totale,GB,2010,58975.92399999999,86729.3,1,C,sbs_na_sca_r2,,0,0.6799999999999999
CP_C,Totale,IT,2005,91391.544,126932.7,1,C,sbs_na_2a_dade,,0,0.72
CP_C,Totale,IT,2006,94866.336,131758.8,1,C,sbs_na_2a_dade,,0,0.7200000000000001
CP_C,Totale,IT,2007,99124.84799999998,137673.4,1,C,sbs_na_2a_dade,,0,0.7199999999999999
CP_C,Totale,IT,2008,99306.64799999999,137925.9,1,C,sbs_na_sca_r2,d,0,0.72
CP_C,Totale,IT,2009,92463.12,128421.0,1,C,sbs_na_sca_r2,,0,0.72
CP_C,Totale,IT,2010,93707.136,130148.8,1,C,sbs_na_sca_r2,,0,0.72
CP_C,Totale,IT,2019,109347.62400000001,151871.7,1,C,sbs_na_sca_r2,,0,0.72
CP_C,Totale,IT,2020,100472.544,139545.2,1,C,sbs_na_sca_r2,,0,0.7199999999999999
CP_C,Totale,IT,2021,111474.45360000001,154825.63,1,C,sbs_ovw_act,,0,0.7200000000000001
CP_C,Totale,IT,2022,117355.58639998999,162993.87,1,C,sbs_ovw_act,,0,0.7199999999999386
CP_C,Totale,IT,2023,122618.844,170303.95,1,C,sbs_ovw_act,,0,0.72
CP_C,Totale,PL,2005,8877.544,17072.2,1,C,sbs_na_2a_dade,,0,0.52
CP_C,Totale,PL,2006,10463.336,20121.8,1,C,sbs_na_2a_dade,,0,0.52
CP_C,Totale,PL,2007,12318.175999999998,23688.8,1,C,sbs_na_2a_dade,,0,0.5199999999999999
CP_C,Totale,PL,2008,14060.85199999,27040.1,1,C,sbs_na_sca_r2,,0,0.5199999999996302
CP_C,Totale,PL,2009,10966.488000009998,21089.4,1,C,sbs_na_sca_r2,,0,0.5200000000004741
CP_C,Totale,PL,2010,12320.152,23692.6,1,C,sbs_na_sca_r2,,0,0.52
CP_C,Totale,PL,2019,22518.028,43303.9,1,C,sbs_na_sca_r2,,0,0.5199999999999999
CP_C,Totale,PL,2020,22210.188,42711.9,1,C,sbs_na_sca_r2,,0,0.5199999999999999
CP_C,Totale,PL,2021,24342.24,46812.0,1,C,sbs_ovw_act,,0,0.52
CP_C,Totale,PL,2022,26688.3188,51323.69,1,C,sbs_ovw_act,,0,0.52
CP_C,Totale,PL,2023,30752.576399999998,59139.57,1,C,sbs_ovw_act,,0,0.52
