tabella,variabile,fonte_dati,paese,anno,classe,classe_armonizzata,valore,totale,quota,fonte,copertura_classe,quota_autori
D25,gross_output,Eurostat-SBS,DE,2006,0-19,0-19,101977.9,1767561.0,0.05769413332835472,sbs_sc_2d_dade02,,0.06
D25,gross_output,Eurostat-SBS,DE,2006,20-249,20-249,396045.0,1767561.0,0.22406298849092054,sbs_sc_2d_dade02,,0.22
D25,gross_output,Eurostat-SBS,DE,2006,250+,250+,1269538.1,1767561.0,0.7182428781807247,sbs_sc_2d_dade02,,0.72
D25,gross_output,Orbis,DE,2006,1-19,0-19,59963.0052,1039325.8679999999,0.05769413332835473,orbis,0.5880000000000001,0.06
D25,gross_output,Orbis,DE,2006,20-249,20-249,232874.46,1039325.8679999999,0.22406298849092054,orbis,0.588,0.23
D25,gross_output,Orbis,DE,2006,250+,250+,746488.4027999999,1039325.8679999999,0.7182428781807247,orbis,0.5879999999999999,0.7
D25,gross_output,Eurostat-SBS,EE,2006,0-19,0-19,889.6,7442.1,0.11953615243009365,sbs_sc_2d_dade02,,0.12
D25,gross_output,Eurostat-SBS,EE,2006,20-249,20-249,4483.5,7442.1,0.6024509211109768,sbs_sc_2d_dade02,,0.6
D25,gross_output,Eurostat-SBS,EE,2006,250+,250+,2069.0,7442.1,0.2780129264589296,sbs_sc_2d_dade02,,0.28
D25,gross_output,Orbis,EE,2006,1-19,0-19,828.2176,6928.5951,0.11953615243009366,orbis,0.9309999999999999,0.15
D25,gross_output,Orbis,EE,2006,20-249,20-249,4174.1385,6928.5951,0.6024509211109768,orbis,0.931,0.67
D25,gross_output,Orbis,EE,2006,250+,250+,1926.2389999999998,6928.5951,0.2780129264589296,orbis,0.9309999999999999,0.18
D25,gross_output,Eurostat-SBS,ES,2006,0-19,0-19,72489.2,528507.6000000001,0.13715829252029674,sbs_sc_2d_dade02,,0.13
D25,gross_output,Eurostat-SBS,ES,2006,20-249,20-249,198715.7,528507.6000000001,0.3759940254406937,sbs_sc_2d_dade02,,0.38
D25,gross_output,Eurostat-SBS,ES,2006,250+,250+,257302.7,528507.6000000001,0.4868476820390094,sbs_sc_2d_dade02,,0.49
D25,gross_output,Orbis,ES,2006,1-19,0-19,60383.51502529,440246.91409999994,0.1371582925203064,orbis,0.833000157613686,0.13
D25,gross_output,Orbis,ES,2006,20-249,20-249,165530.20942029997,440246.91409999994,0.3759940254406885,orbis,0.8330001576136157,0.4
D25,gross_output,Orbis,ES,2006,250+,250+,214333.18965441,440246.91409999994,0.4868476820390052,orbis,0.83300015761362,0.47
D25,gross_output,Eurostat-SBS,FR,2006,0-19,0-19,91699.7,950035.9,0.09652235247110134,sbs_sc_2d_dade02,,0.09
D25,gross_output,Eurostat-SBS,FR,2006,20-249,20-249,255635.3,950035.9,0.2690796210964238,sbs_sc_2d_dade02,,0.27
D25,gross_output,Eurostat-SBS,FR,2006,250+,250+,602700.9,950035.9,0.6343980264324748,sbs_sc_2d_dade02,,0.63
D25,gross_output,Orbis,FR,2006,1-19,0-19,71892.5648,744828.1455999999,0.09652235247110136,orbis,0.7839999999999999,0.05
D25,gross_output,Orbis,FR,2006,20-249,20-249,200418.0752,744828.1455999999,0.26907962109642386,orbis,0.784,0.23
D25,gross_output,Orbis,FR,2006,250+,250+,472517.5056,744828.1455999999,0.6343980264324749,orbis,0.7839999999999999,0.72
D25,gross_output,Eurostat-SBS,GB,2006,0-19,0-19,66313.2,710251.0,0.0933658664331342,sbs_sc_2d_dade02,,0.08
D25,gross_output,Eurostat-SBS,GB,2006,20-249,20-249,203693.3,710251.0,0.2867905853001263,sbs_sc_2d_dade02,,0.29
D25,gross_output,Eurostat-SBS,GB,2006,250+,250+,440244.5,710251.0,0.6198435482667395,sbs_sc_2d_dade02,,0.63
D25,gross_output,Orbis,GB,2006,1-19,0-19,45490.8552,487232.186,0.0933658664331342,orbis,0.686,0.03
D25,gross_output,Orbis,GB,2006,20-249,20-249,139733.60379999998,487232.186,0.28679058530012624,orbis,0.6859999999999999,0.23
D25,gross_output,Orbis,GB,2006,250+,250+,302007.727,487232.186,0.6198435482667396,orbis,0.686,0.74
D25,gross_output,Eurostat-SBS,IT,2006,0-19,0-19,191255.1,931346.5,0.20535332446087468,sbs_sc_2d_dade02,,0.2
D25,gross_output,Eurostat-SBS,IT,2006,20-249,20-249,381903.0,931346.5,0.41005468963484587,sbs_sc_2d_dade02,,0.41
D25,gross_output,Eurostat-SBS,IT,2006,250+,250+,358188.4,931346.5,0.38459198590427945,sbs_sc_2d_dade02,,0.38
D25,gross_output,Orbis,IT,2006,1-19,0-19,140572.4985,684539.6775,0.20535332446087465,orbis,0.7349999999999999,0.12
D25,gross_output,Orbis,IT,2006,20-249,20-249,280698.705,684539.6775,0.4100546896348459,orbis,0.7350000000000001,0.49
D25,gross_output,Orbis,IT,2006,250+,250+,263268.474,684539.6775,0.38459198590427945,orbis,0.7349999999999999,0.4
D25,gross_output,Eurostat-SBS,PL,2006,0-19,0-19,19023.4,196701.5,0.096712023039987,sbs_sc_2d_dade02,,0.09
D25,gross_output,Eurostat-SBS,PL,2006,20-249,20-249,55755.3,196701.5,0.28345132091011,sbs_sc_2d_dade02,,0.28
D25,gross_output,Eurostat-SBS,PL,2006,250+,250+,121922.8,196701.5,0.619836656049903,sbs_sc_2d_dade02,,0.62
D25,gross_output,Orbis,PL,2006,1-19,0-19,10253.6126,106022.10849999999,0.096712023039987,orbis,0.5389999999999999,0.02
D25,gross_output,Orbis,PL,2006,20-249,20-249,30052.1067,106022.10849999999,0.28345132091011005,orbis,0.5389999999999999,0.32
D25,gross_output,Orbis,PL,2006,250+,250+,65716.38919999999,106022.10849999999,0.619836656049903,orbis,0.5389999999999999,0.67
D25,numero_imprese,Eurostat-SBS,DE,2006,0-19,0-19,160092.0,196753.0,0.8136699313352275,sbs_sc_2d_dade02,,
D25,numero_imprese,Eurostat-SBS,DE,2006,20-249,20-249,32575.0,196753.0,0.16556291390728478,sbs_sc_2d_dade02,,
D25,numero_imprese,Eurostat-SBS,DE,2006,250+,250+,4086.0,196753.0,0.020767154757487815,sbs_sc_2d_dade02,,
D25,numero_imprese,Orbis,DE,2006,1-19,0-19,62284.3242,76547.408,0.8136699311882645,orbis,0.3890533205906604,
D25,numero_imprese,Orbis,DE,2006,20-249,20-249,12673.4119,76547.408,0.16556291363908757,orbis,0.38905332003069837,
D25,numero_imprese,Orbis,DE,2006,250+,250+,1589.6719,76547.408,0.02076715517264804,orbis,0.38905332843857077,
D25,numero_imprese,Eurostat-SBS,EE,2006,0-19,0-19,4189.0,5499.0,0.7617748681578469,sbs_sc_2d_dade02,,
D25,numero_imprese,Eurostat-SBS,EE,2006,20-249,20-249,1228.0,5499.0,0.22331332969630843,sbs_sc_2d_dade02,,
D25,numero_imprese,Eurostat-SBS,EE,2006,250+,250+,82.0,5499.0,0.0149118021458447,sbs_sc_2d_dade02,,
D25,numero_imprese,Orbis,EE,2006,1-19,0-19,2984.851,3918.2850000000003,0.7617748581330862,orbis,0.7125449988063978,
D25,numero_imprese,Orbis,EE,2006,20-249,20-249,875.0053,3918.2850000000003,0.22331333734018838,orbis,0.7125450325732899,
D25,numero_imprese,Orbis,EE,2006,250+,250+,58.4287,3918.2850000000003,0.01491180452672534,orbis,0.7125451219512196,
D25,numero_imprese,Eurostat-SBS,ES,2006,0-19,0-19,196137.0,220147.0,0.890936510604278,sbs_sc_2d_dade02,,
D25,numero_imprese,Eurostat-SBS,ES,2006,20-249,20-249,23017.0,220147.0,0.10455286694799384,sbs_sc_2d_dade02,,
D25,numero_imprese,Eurostat-SBS,ES,2006,250+,250+,993.0,220147.0,0.004510622447728109,sbs_sc_2d_dade02,,
D25,numero_imprese,Orbis,ES,2006,1-19,0-19,66160.9364,74259.99010000001,0.8909365098339812,orbis,0.33732001815057844,
D25,numero_imprese,Orbis,ES,2006,20-249,20-249,7764.0949,74259.99010000001,0.10455286742625083,orbis,0.3373200199852283,
D25,numero_imprese,Orbis,ES,2006,250+,250+,334.9588,74259.99010000001,0.004510622739767911,orbis,0.3373200402819738,
D25,numero_imprese,Eurostat-SBS,FR,2006,0-19,0-19,230916.0,254209.0,0.9083706713767018,sbs_sc_2d_dade02,,
D25,numero_imprese,Eurostat-SBS,FR,2006,20-249,20-249,21291.0,254209.0,0.08375391901938956,sbs_sc_2d_dade02,,
D25,numero_imprese,Eurostat-SBS,FR,2006,250+,250+,2002.0,254209.0,0.007875409603908595,sbs_sc_2d_dade02,,
D25,numero_imprese,Orbis,FR,2006,1-19,0-19,88984.0945,97960.114,0.9083706711488719,orbis,0.38535265854250034,
D25,numero_imprese,Orbis,FR,2006,20-249,20-249,8204.5435,97960.114,0.08375391947788055,orbis,0.38535266074867314,
D25,numero_imprese,Orbis,FR,2006,250+,250+,771.476,97960.114,0.007875409373247565,orbis,0.38535264735264735,
D25,numero_imprese,Eurostat-SBS,GB,2006,0-19,0-19,130008.0,151442.0,0.8584672679969889,sbs_sc_2d_dade02,,
D25,numero_imprese,Eurostat-SBS,GB,2006,20-249,20-249,19624.0,151442.0,0.1295809616883031,sbs_sc_2d_dade02,,
D25,numero_imprese,Eurostat-SBS,GB,2006,250+,250+,1810.0,151442.0,0.01195177031470794,sbs_sc_2d_dade02,,
D25,numero_imprese,Orbis,GB,2006,1-19,0-19,81397.8455,94817.646,0.8584672677910608,orbis,0.6260987439234509,
D25,numero_imprese,Orbis,GB,2006,20-249,20-249,12286.5618,94817.646,0.1295809621765974,orbis,0.6260987464329393,
D25,numero_imprese,Orbis,GB,2006,250+,250+,1133.2387,94817.646,0.011951770032341873,orbis,0.626098729281768,
D25,numero_imprese,Eurostat-SBS,IT,2006,0-19,0-19,478667.0,514452.0,0.9304405464455382,sbs_sc_2d_dade02,,
D25,numero_imprese,Eurostat-SBS,IT,2006,20-249,20-249,34392.0,514452.0,0.06685171794453126,sbs_sc_2d_dade02,,
D25,numero_imprese,Eurostat-SBS,IT,2006,250+,250+,1393.0,514452.0,0.0027077356099305667,sbs_sc_2d_dade02,,
D25,numero_imprese,Orbis,IT,2006,1-19,0-19,129478.7387,139158.53,0.9304405464760227,orbis,0.27049856936032773,
D25,numero_imprese,Orbis,IT,2006,20-249,20-249,9302.9868,139158.53,0.06685171796511505,orbis,0.2704985694347523,
D25,numero_imprese,Orbis,IT,2006,250+,250+,376.8045,139158.53,0.002707735558862256,orbis,0.27049856424982055,
D25,numero_imprese,Eurostat-SBS,PL,2006,0-19,0-19,178507.0,194399.0,0.918250608285022,sbs_sc_2d_dade02,,
D25,numero_imprese,Eurostat-SBS,PL,2006,20-249,20-249,14288.0,194399.0,0.07349832046461144,sbs_sc_2d_dade02,,
D25,numero_imprese,Eurostat-SBS,PL,2006,250+,250+,1604.0,194399.0,0.008251071250366514,sbs_sc_2d_dade02,,
D25,numero_imprese,Orbis,PL,2006,1-19,0-19,19341.4211,21063.336,0.9182506085455789,orbis,0.10835105121927992,
D25,numero_imprese,Orbis,PL,2006,20-249,20-249,1548.1198,21063.336,0.07349831954444443,orbis,0.10835104983202687,
D25,numero_imprese,Orbis,PL,2006,250+,250+,173.7951,21063.336,0.008251071909976654,orbis,0.10835105985037406,
D25,occupazione,Eurostat-SBS,DE,2006,0-19,0-19,1060445.0,7108858.0,0.14917234244937794,sbs_sc_2d_dade02,,0.15
D25,occupazione,Eurostat-SBS,DE,2006,20-249,20-249,2270026.0,7108858.0,0.3193235819311625,sbs_sc_2d_dade02,,0.32
D25,occupazione,Eurostat-SBS,DE,2006,250+,250+,3778387.0,7108858.0,0.5315040756194596,sbs_sc_2d_dade02,,0.53
D25,occupazione,Orbis,DE,2006,1-19,0-19,571579.855,3831674.4620000003,0.14917234244937794,orbis,0.539,0.05
D25,occupazione,Orbis,DE,2006,20-249,20-249,1223544.014,3831674.4620000003,0.31932358193116245,orbis,0.539,0.32
D25,occupazione,Orbis,DE,2006,250+,250+,2036550.593,3831674.4620000003,0.5315040756194596,orbis,0.539,0.63
D25,occupazione,Eurostat-SBS,EE,2006,0-19,0-19,22588.0,132236.0,0.17081581415045827,sbs_sc_2d_dade02,,0.17
D25,occupazione,Eurostat-SBS,EE,2006,20-249,20-249,70624.0,132236.0,0.5340754408784295,sbs_sc_2d_dade02,,0.53
D25,occupazione,Eurostat-SBS,EE,2006,250+,250+,39024.0,132236.0,0.2951087449711123,sbs_sc_2d_dade02,,0.3
D25,occupazione,Orbis,EE,2006,1-19,0-19,19922.616,116632.152,0.1708158141504583,orbis,0.8820000000000001,0.15
D25,occupazione,Orbis,EE,2006,20-249,20-249,62290.368,116632.152,0.5340754408784295,orbis,0.882,0.58
D25,occupazione,Orbis,EE,2006,250+,250+,34419.168,116632.152,0.2951087449711122,orbis,0.8819999999999999,0.27
D25,occupazione,Eurostat-SBS,ES,2006,0-19,0-19,800565.0,2589575.0,0.30914918471177705,sbs_sc_2d_dade02,,0.31
D25,occupazione,Eurostat-SBS,ES,2006,20-249,20-249,1116646.0,2589575.0,0.43120820984138325,sbs_sc_2d_dade02,,0.43
D25,occupazione,Eurostat-SBS,ES,2006,250+,250+,672364.0,2589575.0,0.25964260544683976,sbs_sc_2d_dade02,,0.26
D25,occupazione,Orbis,ES,2006,1-19,0-19,627646.1108,2030236.992,0.3091491846878928,orbis,0.7840039357203975,0.25
D25,occupazione,Orbis,ES,2006,20-249,20-249,875454.8589,2030236.992,0.4312082098541528,orbis,0.784003935804185,0.49
D25,occupazione,Orbis,ES,2006,250+,250+,527136.0223,2030236.992,0.2596426054579543,orbis,0.784003935814529,0.26
D25,occupazione,Eurostat-SBS,FR,2006,0-19,0-19,722595.0,3657504.0,0.19756506076274968,sbs_sc_2d_dade02,,0.19
D25,occupazione,Eurostat-SBS,FR,2006,20-249,20-249,1242554.0,3657504.0,0.3397273113030088,sbs_sc_2d_dade02,,0.34
D25,occupazione,Eurostat-SBS,FR,2006,250+,250+,1692355.0,3657504.0,0.46270762793424147,sbs_sc_2d_dade02,,0.47
D25,occupazione,Orbis,FR,2006,1-19,0-19,424885.86,2150612.352,0.19756506076274968,orbis,0.588,0.1
D25,occupazione,Orbis,FR,2006,20-249,20-249,730621.752,2150612.352,0.3397273113030088,orbis,0.588,0.34
D25,occupazione,Orbis,FR,2006,250+,250+,995104.74,2150612.352,0.46270762793424147,orbis,0.588,0.56
D25,occupazione,Eurostat-SBS,GB,2006,0-19,0-19,582734.0,3141163.0,0.18551536485053466,sbs_sc_2d_dade02,,0.19
D25,occupazione,Eurostat-SBS,GB,2006,20-249,20-249,1191159.0,3141163.0,0.37920954754656155,sbs_sc_2d_dade02,,0.38
D25,occupazione,Eurostat-SBS,GB,2006,250+,250+,1367270.0,3141163.0,0.4352750876029038,sbs_sc_2d_dade02,,0.43
D25,occupazione,Orbis,GB,2006,1-19,0-19,354070.6437,1908578.5376,0.18551536482498482,orbis,0.6076025145263534,0.01
D25,occupazione,Orbis,GB,2006,20-249,20-249,723751.2037,1908578.5376,0.37920954754636554,orbis,0.6076025146097204,0.35
D25,occupazione,Orbis,GB,2006,250+,250+,830756.6902,1908578.5376,0.43527508762864964,orbis,0.6076025146459734,0.64
D25,occupazione,Eurostat-SBS,IT,2006,0-19,0-19,1869085.0,4576771.0,0.4083850819715472,sbs_sc_2d_dade02,,0.4
D25,occupazione,Eurostat-SBS,IT,2006,20-249,20-249,1701626.0,4576771.0,0.37179618556401445,sbs_sc_2d_dade02,,0.38
D25,occupazione,Eurostat-SBS,IT,2006,250+,250+,1006060.0,4576771.0,0.21981873246443837,sbs_sc_2d_dade02,,0.22
D25,occupazione,Orbis,IT,2006,1-19,0-19,1190607.145,2915403.1270000003,0.40838508197154716,orbis,0.637,0.13
D25,occupazione,Orbis,IT,2006,20-249,20-249,1083935.762,2915403.1270000003,0.37179618556401445,orbis,0.637,0.55
D25,occupazione,Orbis,IT,2006,250+,250+,640860.22,2915403.1270000003,0.2198187324644383,orbis,0.637,0.32
D25,occupazione,Eurostat-SBS,PL,2006,0-19,0-19,564866.0,2590854.0,0.21802309199978076,sbs_sc_2d_dade02,,0.21
D25,occupazione,Eurostat-SBS,PL,2006,20-249,20-249,978706.0,2590854.0,0.3777542076859599,sbs_sc_2d_dade02,,0.38
D25,occupazione,Eurostat-SBS,PL,2006,250+,250+,1047282.0,2590854.0,0.40422270031425933,sbs_sc_2d_dade02,,0.41
D25,occupazione,Orbis,PL,2006,1-19,0-19,276784.34,1269518.46,0.2180230919997808,orbis,0.49000000000000005,0.03
D25,occupazione,Orbis,PL,2006,20-249,20-249,479565.94,1269518.46,0.3777542076859599,orbis,0.49,0.4
D25,occupazione,Orbis,PL,2006,250+,250+,513168.18,1269518.46,0.40422270031425933,orbis,0.49,0.57
