tabella,descrizione,paese,anno,copertura_autori,pagina
D.2.4,"Manifattura, occupazione, TFP sample",ES,1999,0.54,75
D.2.4,"Manifattura, occupazione, TFP sample",FI,1999,0.29,75
D.2.4,"Manifattura, occupazione, TFP sample",FR,1999,0.5,75
D.2.4,"Manifattura, occupazione, TFP sample",CZ,2000,0.19,75
D.2.4,"Manifattura, occupazione, TFP sample",EE,2000,0.79,75
D.2.4,"Manifattura, occupazione, TFP sample",ES,2000,0.56,75
D.2.4,"Manifattura, occupazione, TFP sample",FI,2000,0.36,75
D.2.4,"Manifattura, occupazione, TFP sample",FR,2000,0.55,75
D.2.4,"Manifattura, occupazione, TFP sample",HU,2000,0.02,75
D.2.4,"Manifattura, occupazione, TFP sample",CZ,2001,0.42,75
D.2.4,"Manifattura, occupazione, TFP sample",EE,2001,0.83,75
D.2.4,"Manifattura, occupazione, TFP sample",ES,2001,0.6,75
D.2.4,"Manifattura, occupazione, TFP sample",FI,2001,0.38,75
D.2.4,"Manifattura, occupazione, TFP sample",FR,2001,0.57,75
D.2.4,"Manifattura, occupazione, TFP sample",HU,2001,0.03,75
D.2.4,"Manifattura, occupazione, TFP sample",CZ,2002,0.58,75
D.2.4,"Manifattura, occupazione, TFP sample",EE,2002,0.85,75
D.2.4,"Manifattura, occupazione, TFP sample",ES,2002,0.65,75
D.2.4,"Manifattura, occupazione, TFP sample",FI,2002,0.4,75
D.2.4,"Manifattura, occupazione, TFP sample",HU,2002,0.09,75
D.2.4,"Manifattura, occupazione, TFP sample",CZ,2003,0.65,75
D.2.4,"Manifattura, occupazione, TFP sample",EE,2003,0.58,75
D.2.4,"Manifattura, occupazione, TFP sample",ES,2003,0.66,75
D.2.4,"Manifattura, occupazione, TFP sample",FI,2003,0.4,75
D.2.4,"Manifattura, occupazione, TFP sample",FR,2003,0.65,75
D.2.4,"Manifattura, occupazione, TFP sample",HU,2003,0.08,75
D.2.4,"Manifattura, occupazione, TFP sample",AT,2004,0.21,75
D.2.4,"Manifattura, occupazione, TFP sample",BG,2004,0.4,75
D.2.4,"Manifattura, occupazione, TFP sample",CZ,2004,0.73,75
D.2.4,"Manifattura, occupazione, TFP sample",DE,2004,0.13,75
D.2.4,"Manifattura, occupazione, TFP sample",DK,2004,0.05,75
D.2.4,"Manifattura, occupazione, TFP sample",EE,2004,0.59,75
D.2.4,"Manifattura, occupazione, TFP sample",ES,2004,0.65,75
D.2.4,"Manifattura, occupazione, TFP sample",FI,2004,0.41,75
D.2.4,"Manifattura, occupazione, TFP sample",FR,2004,0.64,75
D.2.4,"Manifattura, occupazione, TFP sample",HU,2004,0.15,75
D.2.4,"Manifattura, occupazione, TFP sample",AT,2005,0.25,75
D.2.4,"Manifattura, occupazione, TFP sample",BG,2005,0.39,75
D.2.4,"Manifattura, occupazione, TFP sample",CZ,2005,0.69,75
D.2.4,"Manifattura, occupazione, TFP sample",DE,2005,0.19,75
D.2.4,"Manifattura, occupazione, TFP sample",DK,2005,0.06,75
D.2.4,"Manifattura, occupazione, TFP sample",EE,2005,0.61,75
D.2.4,"Manifattura, occupazione, TFP sample",ES,2005,0.67,75
D.2.4,"Manifattura, occupazione, TFP sample",FI,2005,0.42,75
D.2.4,"Manifattura, occupazione, TFP sample",FR,2005,0.61,75
D.2.4,"Manifattura, occupazione, TFP sample",HU,2005,0.28,75
D.2.4,"Manifattura, occupazione, TFP sample",AT,2006,0.34,75
D.2.4,"Manifattura, occupazione, TFP sample",BE,2006,0.62,75
D.2.4,"Manifattura, occupazione, TFP sample",BG,2006,0.56,75
D.2.4,"Manifattura, occupazione, TFP sample",CZ,2006,0.72,75
D.2.4,"Manifattura, occupazione, TFP sample",DE,2006,0.24,75
D.2.4,"Manifattura, occupazione, TFP sample",DK,2006,0.06,75
D.2.4,"Manifattura, occupazione, TFP sample",ES,2006,0.68,75
D.2.4,"Manifattura, occupazione, TFP sample",FI,2006,0.43,75
D.2.4,"Manifattura, occupazione, TFP sample",FR,2006,0.6,75
D.2.4,"Manifattura, occupazione, TFP sample",HU,2006,0.38,75
D.2.4,"Manifattura, occupazione, TFP sample",AT,2007,0.36,75
D.2.4,"Manifattura, occupazione, TFP sample",BE,2007,0.63,75
D.2.4,"Manifattura, occupazione, TFP sample",BG,2007,0.68,75
D.2.4,"Manifattura, occupazione, TFP sample",CZ,2007,0.75,75
D.2.4,"Manifattura, occupazione, TFP sample",DE,2007,0.25,75
D.2.4,"Manifattura, occupazione, TFP sample",DK,2007,0.06,75
D.2.4,"Manifattura, occupazione, TFP sample",ES,2007,0.67,75
D.2.4,"Manifattura, occupazione, TFP sample",FI,2007,0.44,75
D.2.4,"Manifattura, occupazione, TFP sample",FR,2007,0.64,75
D.2.4,"Manifattura, occupazione, TFP sample",HU,2007,0.77,75
D.2.4,"Manifattura, occupazione, TFP sample",AT,2008,0.37,75
D.2.4,"Manifattura, occupazione, TFP sample",BE,2008,0.64,75
D.2.4,"Manifattura, occupazione, TFP sample",BG,2008,0.66,75
D.2.4,"Manifattura, occupazione, TFP sample",CZ,2008,0.64,75
D.2.4,"Manifattura, occupazione, TFP sample",DE,2008,0.24,75
D.2.4,"Manifattura, occupazione, TFP sample",ES,2008,0.67,75
D.2.4,"Manifattura, occupazione, TFP sample",FI,2008,0.39,75
D.2.4,"Manifattura, occupazione, TFP sample",FR,2008,0.69,75
D.2.4,"Manifattura, occupazione, TFP sample",GB,2008,0.16,75
D.2.4,"Manifattura, occupazione, TFP sample",HU,2008,0.6,75
D.2.4,"Manifattura, occupazione, TFP sample",AT,2009,0.34,75
D.2.4,"Manifattura, occupazione, TFP sample",BE,2009,0.61,75
D.2.4,"Manifattura, occupazione, TFP sample",BG,2009,0.61,75
D.2.4,"Manifattura, occupazione, TFP sample",CZ,2009,0.8,75
D.2.4,"Manifattura, occupazione, TFP sample",DE,2009,0.24,75
D.2.4,"Manifattura, occupazione, TFP sample",DK,2009,0.07,75
D.2.4,"Manifattura, occupazione, TFP sample",EE,2009,0.46,75
D.2.4,"Manifattura, occupazione, TFP sample",ES,2009,0.71,75
D.2.4,"Manifattura, occupazione, TFP sample",FI,2009,0.36,75
D.2.4,"Manifattura, occupazione, TFP sample",FR,2009,0.43,75
D.2.4,"Manifattura, occupazione, TFP sample",GB,2009,0.16,75
D.2.4,"Manifattura, occupazione, TFP sample",HU,2009,0.65,75
D.2.4,"Manifattura, occupazione, TFP sample",AT,2010,0.41,75
D.2.4,"Manifattura, occupazione, TFP sample",BE,2010,0.62,75
D.2.4,"Manifattura, occupazione, TFP sample",BG,2010,0.61,75
D.2.4,"Manifattura, occupazione, TFP sample",CZ,2010,0.83,75
D.2.4,"Manifattura, occupazione, TFP sample",DE,2010,0.24,75
D.2.4,"Manifattura, occupazione, TFP sample",DK,2010,0.07,75
D.2.4,"Manifattura, occupazione, TFP sample",EE,2010,0.55,75
D.2.4,"Manifattura, occupazione, TFP sample",ES,2010,0.7,75
D.2.4,"Manifattura, occupazione, TFP sample",FI,2010,0.36,75
D.2.4,"Manifattura, occupazione, TFP sample",FR,2010,0.47,75
D.2.4,"Manifattura, occupazione, TFP sample",GB,2010,0.16,75
D.2.4,"Manifattura, occupazione, TFP sample",HU,2010,0.66,75
D.2.4,"Manifattura, occupazione, TFP sample",AT,2011,0.38,75
D.2.4,"Manifattura, occupazione, TFP sample",BE,2011,0.63,75
D.2.4,"Manifattura, occupazione, TFP sample",BG,2011,0.75,75
D.2.4,"Manifattura, occupazione, TFP sample",CZ,2011,0.85,75
D.2.4,"Manifattura, occupazione, TFP sample",DE,2011,0.25,75
D.2.4,"Manifattura, occupazione, TFP sample",DK,2011,0.08,75
D.2.4,"Manifattura, occupazione, TFP sample",EE,2011,0.55,75
D.2.4,"Manifattura, occupazione, TFP sample",ES,2011,0.72,75
D.2.4,"Manifattura, occupazione, TFP sample",FI,2011,0.4,75
D.2.4,"Manifattura, occupazione, TFP sample",FR,2011,0.42,75
D.2.4,"Manifattura, occupazione, TFP sample",GB,2011,0.16,75
D.2.4,"Manifattura, occupazione, TFP sample",HU,2011,0.66,75
D.2.4,"Manifattura, occupazione, TFP sample",AT,2012,0.27,75
D.2.4,"Manifattura, occupazione, TFP sample",BE,2012,0.65,75
D.2.4,"Manifattura, occupazione, TFP sample",BG,2012,0.86,75
D.2.4,"Manifattura, occupazione, TFP sample",CZ,2012,0.75,75
D.2.4,"Manifattura, occupazione, TFP sample",DE,2012,0.21,75
D.2.4,"Manifattura, occupazione, TFP sample",DK,2012,0.08,75
D.2.4,"Manifattura, occupazione, TFP sample",EE,2012,0.53,75
D.2.4,"Manifattura, occupazione, TFP sample",ES,2012,0.67,75
D.2.4,"Manifattura, occupazione, TFP sample",FR,2012,0.34,75
D.2.4,"Manifattura, occupazione, TFP sample",GB,2012,0.18,75
D.2.4,"Manifattura, occupazione, TFP sample",HR,2012,0.81,75
D.2.4,"Manifattura, occupazione, TFP sample",HU,2012,0.65,75
D.2.4,"Manifattura, occupazione, TFP sample",AT,Media,0.33,75
D.2.4,"Manifattura, occupazione, TFP sample",BE,Media,0.63,75
D.2.4,"Manifattura, occupazione, TFP sample",BG,Media,0.61,75
D.2.4,"Manifattura, occupazione, TFP sample",CZ,Media,0.66,75
D.2.4,"Manifattura, occupazione, TFP sample",DE,Media,0.22,75
D.2.4,"Manifattura, occupazione, TFP sample",DK,Media,0.07,75
D.2.4,"Manifattura, occupazione, TFP sample",EE,Media,0.63,75
D.2.4,"Manifattura, occupazione, TFP sample",ES,Media,0.65,75
D.2.4,"Manifattura, occupazione, TFP sample",FI,Media,0.39,75
D.2.4,"Manifattura, occupazione, TFP sample",FR,Media,0.55,75
D.2.4,"Manifattura, occupazione, TFP sample",GB,Media,0.16,75
D.2.4,"Manifattura, occupazione, TFP sample",HR,Media,0.81,75
D.2.4,"Manifattura, occupazione, TFP sample",HU,Media,0.39,75
D.2.4,"Manifattura, occupazione, TFP sample",IT,1999,0.44,75
D.2.4,"Manifattura, occupazione, TFP sample",LU,1999,0.14,75
D.2.4,"Manifattura, occupazione, TFP sample",NL,1999,0.03,75
D.2.4,"Manifattura, occupazione, TFP sample",PT,1999,0.07,75
D.2.4,"Manifattura, occupazione, TFP sample",SE,1999,0.23,75
D.2.4,"Manifattura, occupazione, TFP sample",IT,2000,0.51,75
D.2.4,"Manifattura, occupazione, TFP sample",LU,2000,0.18,75
D.2.4,"Manifattura, occupazione, TFP sample",LV,2000,0.01,75
D.2.4,"Manifattura, occupazione, TFP sample",NL,2000,0.04,75
D.2.4,"Manifattura, occupazione, TFP sample",PT,2000,0.08,75
D.2.4,"Manifattura, occupazione, TFP sample",RO,2000,0.76,75
D.2.4,"Manifattura, occupazione, TFP sample",SE,2000,0.25,75
D.2.4,"Manifattura, occupazione, TFP sample",SK,2000,0.04,75
D.2.4,"Manifattura, occupazione, TFP sample",IT,2001,0.53,75
D.2.4,"Manifattura, occupazione, TFP sample",LU,2001,0.17,75
D.2.4,"Manifattura, occupazione, TFP sample",LV,2001,0.04,75
D.2.4,"Manifattura, occupazione, TFP sample",NL,2001,0.04,75
D.2.4,"Manifattura, occupazione, TFP sample",PT,2001,0.07,75
D.2.4,"Manifattura, occupazione, TFP sample",RO,2001,0.7,75
D.2.4,"Manifattura, occupazione, TFP sample",SE,2001,0.26,75
D.2.4,"Manifattura, occupazione, TFP sample",SK,2001,0.09,75
D.2.4,"Manifattura, occupazione, TFP sample",IT,2002,0.6,75
D.2.4,"Manifattura, occupazione, TFP sample",LV,2002,0.04,75
D.2.4,"Manifattura, occupazione, TFP sample",NL,2002,0.04,75
D.2.4,"Manifattura, occupazione, TFP sample",PT,2002,0.07,75
D.2.4,"Manifattura, occupazione, TFP sample",RO,2002,0.73,75
D.2.4,"Manifattura, occupazione, TFP sample",SE,2002,0.27,75
D.2.4,"Manifattura, occupazione, TFP sample",SI,2002,0.68,75
D.2.4,"Manifattura, occupazione, TFP sample",SK,2002,0.26,75
D.2.4,"Manifattura, occupazione, TFP sample",IT,2003,0.54,75
D.2.4,"Manifattura, occupazione, TFP sample",LV,2003,0.05,75
D.2.4,"Manifattura, occupazione, TFP sample",NL,2003,0.05,75
D.2.4,"Manifattura, occupazione, TFP sample",NO,2003,0.52,75
D.2.4,"Manifattura, occupazione, TFP sample",PT,2003,0.07,75
D.2.4,"Manifattura, occupazione, TFP sample",RO,2003,0.79,75
D.2.4,"Manifattura, occupazione, TFP sample",SE,2003,0.28,75
D.2.4,"Manifattura, occupazione, TFP sample",SI,2003,0.72,75
D.2.4,"Manifattura, occupazione, TFP sample",SK,2003,0.39,75
D.2.4,"Manifattura, occupazione, TFP sample",IT,2004,0.52,75
D.2.4,"Manifattura, occupazione, TFP sample",LV,2004,0.04,75
D.2.4,"Manifattura, occupazione, TFP sample",NL,2004,0.07,75
D.2.4,"Manifattura, occupazione, TFP sample",NO,2004,0.63,75
D.2.4,"Manifattura, occupazione, TFP sample",PL,2004,0.27,75
D.2.4,"Manifattura, occupazione, TFP sample",PT,2004,0.08,75
D.2.4,"Manifattura, occupazione, TFP sample",RO,2004,0.84,75
D.2.4,"Manifattura, occupazione, TFP sample",SE,2004,0.31,75
D.2.4,"Manifattura, occupazione, TFP sample",SI,2004,0.74,75
D.2.4,"Manifattura, occupazione, TFP sample",SK,2004,0.44,75
D.2.4,"Manifattura, occupazione, TFP sample",IT,2005,0.43,75
D.2.4,"Manifattura, occupazione, TFP sample",LV,2005,0.04,75
D.2.4,"Manifattura, occupazione, TFP sample",NL,2005,0.06,75
D.2.4,"Manifattura, occupazione, TFP sample",NO,2005,0.72,75
D.2.4,"Manifattura, occupazione, TFP sample",PL,2005,0.28,75
D.2.4,"Manifattura, occupazione, TFP sample",PT,2005,0.07,75
D.2.4,"Manifattura, occupazione, TFP sample",RO,2005,0.9,75
D.2.4,"Manifattura, occupazione, TFP sample",SE,2005,0.32,75
D.2.4,"Manifattura, occupazione, TFP sample",SI,2005,0.77,75
D.2.4,"Manifattura, occupazione, TFP sample",SK,2005,0.66,75
D.2.4,"Manifattura, occupazione, TFP sample",IT,2006,0.52,75
D.2.4,"Manifattura, occupazione, TFP sample",LV,2006,0.04,75
D.2.4,"Manifattura, occupazione, TFP sample",NL,2006,0.05,75
D.2.4,"Manifattura, occupazione, TFP sample",NO,2006,0.73,75
D.2.4,"Manifattura, occupazione, TFP sample",PL,2006,0.3,75
D.2.4,"Manifattura, occupazione, TFP sample",PT,2006,0.79,75
D.2.4,"Manifattura, occupazione, TFP sample",RO,2006,0.72,75
D.2.4,"Manifattura, occupazione, TFP sample",SE,2006,0.33,75
D.2.4,"Manifattura, occupazione, TFP sample",SI,2006,0.81,75
D.2.4,"Manifattura, occupazione, TFP sample",SK,2006,0.7,75
D.2.4,"Manifattura, occupazione, TFP sample",IT,2007,0.53,75
D.2.4,"Manifattura, occupazione, TFP sample",LU,2007,0.29,75
D.2.4,"Manifattura, occupazione, TFP sample",LV,2007,0.03,75
D.2.4,"Manifattura, occupazione, TFP sample",NL,2007,0.06,75
D.2.4,"Manifattura, occupazione, TFP sample",NO,2007,0.68,75
D.2.4,"Manifattura, occupazione, TFP sample",PL,2007,0.29,75
D.2.4,"Manifattura, occupazione, TFP sample",PT,2007,0.8,75
D.2.4,"Manifattura, occupazione, TFP sample",RO,2007,0.94,75
D.2.4,"Manifattura, occupazione, TFP sample",SE,2007,0.34,75
D.2.4,"Manifattura, occupazione, TFP sample",SI,2007,0.81,75
D.2.4,"Manifattura, occupazione, TFP sample",SK,2007,0.68,75
D.2.4,"Manifattura, occupazione, TFP sample",IT,2008,0.6,75
D.2.4,"Manifattura, occupazione, TFP sample",LU,2008,0.41,75
D.2.4,"Manifattura, occupazione, TFP sample",LV,2008,0.03,75
D.2.4,"Manifattura, occupazione, TFP sample",NL,2008,0.05,75
D.2.4,"Manifattura, occupazione, TFP sample",NO,2008,0.71,75
D.2.4,"Manifattura, occupazione, TFP sample",PL,2008,0.32,75
D.2.4,"Manifattura, occupazione, TFP sample",PT,2008,0.86,75
D.2.4,"Manifattura, occupazione, TFP sample",RO,2008,0.89,75
D.2.4,"Manifattura, occupazione, TFP sample",SE,2008,0.38,75
D.2.4,"Manifattura, occupazione, TFP sample",SI,2008,0.8,75
D.2.4,"Manifattura, occupazione, TFP sample",SK,2008,0.72,75
D.2.4,"Manifattura, occupazione, TFP sample",IT,2009,0.56,75
D.2.4,"Manifattura, occupazione, TFP sample",LU,2009,0.51,75
D.2.4,"Manifattura, occupazione, TFP sample",LV,2009,0.03,75
D.2.4,"Manifattura, occupazione, TFP sample",NL,2009,0.01,75
D.2.4,"Manifattura, occupazione, TFP sample",NO,2009,0.69,75
D.2.4,"Manifattura, occupazione, TFP sample",PL,2009,0.3,75
D.2.4,"Manifattura, occupazione, TFP sample",PT,2009,0.85,75
D.2.4,"Manifattura, occupazione, TFP sample",RO,2009,0.76,75
D.2.4,"Manifattura, occupazione, TFP sample",SE,2009,0.35,75
D.2.4,"Manifattura, occupazione, TFP sample",SI,2009,0.78,75
D.2.4,"Manifattura, occupazione, TFP sample",SK,2009,0.78,75
D.2.4,"Manifattura, occupazione, TFP sample",IE,2010,0.01,75
D.2.4,"Manifattura, occupazione, TFP sample",IT,2010,0.57,75
D.2.4,"Manifattura, occupazione, TFP sample",LU,2010,0.59,75
D.2.4,"Manifattura, occupazione, TFP sample",LV,2010,0.04,75
D.2.4,"Manifattura, occupazione, TFP sample",NL,2010,0.01,75
D.2.4,"Manifattura, occupazione, TFP sample",NO,2010,0.68,75
D.2.4,"Manifattura, occupazione, TFP sample",PL,2010,0.19,75
D.2.4,"Manifattura, occupazione, TFP sample",PT,2010,0.86,75
D.2.4,"Manifattura, occupazione, TFP sample",RO,2010,0.91,75
D.2.4,"Manifattura, occupazione, TFP sample",SE,2010,0.37,75
D.2.4,"Manifattura, occupazione, TFP sample",SI,2010,0.88,75
D.2.4,"Manifattura, occupazione, TFP sample",SK,2010,0.73,75
D.2.4,"Manifattura, occupazione, TFP sample",IE,2011,0.14,75
D.2.4,"Manifattura, occupazione, TFP sample",IT,2011,0.73,75
D.2.4,"Manifattura, occupazione, TFP sample",LU,2011,0.56,75
D.2.4,"Manifattura, occupazione, TFP sample",LV,2011,0.04,75
D.2.4,"Manifattura, occupazione, TFP sample",NO,2011,0.74,75
D.2.4,"Manifattura, occupazione, TFP sample",PL,2011,0.2,75
D.2.4,"Manifattura, occupazione, TFP sample",PT,2011,0.86,75
D.2.4,"Manifattura, occupazione, TFP sample",RO,2011,0.92,75
D.2.4,"Manifattura, occupazione, TFP sample",SE,2011,0.39,75
D.2.4,"Manifattura, occupazione, TFP sample",SI,2011,0.9,75
D.2.4,"Manifattura, occupazione, TFP sample",SK,2011,0.67,75
D.2.4,"Manifattura, occupazione, TFP sample",IE,2012,0.14,75
D.2.4,"Manifattura, occupazione, TFP sample",IT,2012,0.73,75
D.2.4,"Manifattura, occupazione, TFP sample",LU,2012,0.48,75
D.2.4,"Manifattura, occupazione, TFP sample",LV,2012,0.04,75
D.2.4,"Manifattura, occupazione, TFP sample",NO,2012,0.78,75
D.2.4,"Manifattura, occupazione, TFP sample",PL,2012,0.11,75
D.2.4,"Manifattura, occupazione, TFP sample",PT,2012,0.86,75
D.2.4,"Manifattura, occupazione, TFP sample",RO,2012,0.93,75
D.2.4,"Manifattura, occupazione, TFP sample",SE,2012,0.31,75
D.2.4,"Manifattura, occupazione, TFP sample",SI,2012,0.88,75
D.2.4,"Manifattura, occupazione, TFP sample",IE,Media,0.10,75
D.2.4,"Manifattura, occupazione, TFP sample",IT,Media,0.56,75
D.2.4,"Manifattura, occupazione, TFP sample",LU,Media,0.37,75
D.2.4,"Manifattura, occupazione, TFP sample",LV,Media,0.04,75
D.2.4,"Manifattura, occupazione, TFP sample",NL,Media,0.04,75
D.2.4,"Manifattura, occupazione, TFP sample",NO,Media,0.69,75
D.2.4,"Manifattura, occupazione, TFP sample",PL,Media,0.25,75
D.2.4,"Manifattura, occupazione, TFP sample",PT,Media,0.46,75
D.2.4,"Manifattura, occupazione, TFP sample",RO,Media,0.83,75
D.2.4,"Manifattura, occupazione, TFP sample",SE,Media,0.31,75
D.2.4,"Manifattura, occupazione, TFP sample",SI,Media,0.80,75
D.2.4,"Manifattura, occupazione, TFP sample",SK,Media,0.51,75
