dataset,titolo,gruppo,filtro_nace,filtro_indicatori,altri_filtri,classi_originali,anni,paesi,righe,righe_con_valore
sbs_na_sca_r2,Annual enterprise statistics for special aggregates of NACE Rev.2 activities (2005-2020),settori,nace_r2=B+C+D+E+F+G+H+I+J+L+M+N+S95+B-N_S95_X_K,indic_sb=V12110+V12120+V16110+V16130+V11110+V13310,,,2005-2020,AT BE CZ DE EE ES FI FR GB GR HU IT LV NO PL PT RO SE SI SK,21633,21515
sbs_ovw_act,Enterprises by detailed NACE Rev. 2 activity and special aggregates,settori,nace_r2=B+C+D+E+F+G+H+I+J+K+L+M+N+P+Q+R+S95+B-S_X_O_S94,indic_sbs=NETTUR_MEUR+VAL_OUT_MEUR+EMP_NR+SAL_NR+ENT_NR+EXPN_SAL_BEN_MEUR,,,2021-2024,AT BE CZ DE EE ES FI FR GR HU IT LV NO PL PT RO SE SI SK,8204,8188
sbs_na_2a_mi,"Annual detailed enterprise statistics on mining and quarrying (NACE Rev. 1.1, C) (1995-2008)",settori,nace_r1=C,indic_sb=V12110+V12120+V16110+V16130+V11110+V13310,,,1999-2008,AT BE CZ DE EE ES FI FR GB GR HU IT LV NO PL PT RO SE SI SK,1147,1140
sbs_na_2a_dade,"Annual detailed enterprise statistics on manufacturing subsections DA-DE and total manufacturing (NACE Rev. 1.1, D) (1995-2008)",settori,nace_r1=D,indic_sb=V12110+V12120+V16110+V16130+V11110+V13310,,,1999-2008,AT BE CZ DE EE ES FI FR GB GR HU IT LV NO PL PT RO SE SI SK,1157,1150
sbs_na_2a_el,"Annual detailed enterprise statistics on electricity, gas and water supply (NACE Rev. 1.1, E) (1995-2008)",settori,nace_r1=E,indic_sb=V12110+V12120+V16110+V16130+V11110+V13310,,,1999-2008,AT BE CZ DE EE ES FI FR GB GR HU IT LV NO PL PT RO SE SI SK,1130,1121
sbs_na_4a_co,"Annual detailed enterprise statistics on construction (NACE Rev. 1.1, F) (1995-2008)",settori,nace_r1=F,indic_sb=V12110+V12120+V16110+V16130+V11110+V13310,,,1999-2008,AT BE CZ DE EE ES FI FR GB GR HU IT LV NO PL PT RO SE SI SK,1170,1169
sbs_na_3b_tr,Annual detailed enterprise statistics on trade (NACE Rev. 1.1 G) (1990-2008),settori,nace_r1=G,indic_sb=V12110+V12120+V16110+V16130+V11110+V13310,,,1999-2008,AT BE CZ DE EE ES FI FR GB GR HU IT LV NO PL PT RO SE SI SK,1152,1150
sbs_na_1a_se,Annual detailed enterprise statistics on services (NACE Rev. 1.1 H-K) (1995-2007),settori,nace_r1=H+I+K,indic_sb=V12110+V12120+V16110+V16130+V11110+V13310,,,1999-2008,AT BE CZ DE EE ES FI FR GB GR HU IT LV NO PL PT RO SE SI SK,3510,3507
sbs_sc_sca_r2,Annual enterprise statistics by size class for special aggregates of NACE Rev.2 activities (2005-2020),classi,nace_r2=B+C+D+E+F+G+H+I+J+L+M+N+S95+B-N_S95_X_K,indic_sb=V12110+V12120+V16110+V16130+V11110+V13310,,0-9+10-19+20-49+50-249+GE250+TOTAL,2005-2020,AT BE CZ DE EE ES FI FR GB GR HU IT LV NO PL PT RO SE SI SK,82775,79718
sbs_sc_ovw,Enterprise statistics by size class and NACE Rev. 2 activity (from 2021 onwards),classi,nace_r2=B+C+D+E+F+G+H+I+J+K+L+M+N+P+Q+R+S95+B-S_X_O_S94,indic_sbs=NETTUR_MEUR+VAL_OUT_MEUR+EMP_NR+SAL_NR+ENT_NR+EXPN_SAL_BEN_MEUR,,0-9+0_1+10-19+2-9+20-49+50-249+GE250+TOTAL,2021-2024,AT BE CZ DE EE ES FI FR GR HU IT LV NO PL PT RO SE SI SK,47838,46492
sbs_sc_2d_dade02,"Manufacturing, subsections DA-DE and total (NACE Rev. 1.1, D) by employment size class (from 2002 onwards)",classi,nace_r1=D,indic_sb=V12110+V12120+V16110+V16130+V11110+V13310,,1-19+1-9+10-19+20-49+50-249+GE20+GE250+TOTAL,2002-2007,AT BE CZ DE EE ES FI FR GB GR HU IT LV NO PL PT RO SE SI SK,6289,6273
sbs_sc_2d_dade95,"Manufacturing, subsections DA-DE and total (NACE Rev. 1.1, D) by employment size class (1995-2001)",classi,nace_r1=D,indic_sb=V12110+V12120+V16110+V16130+V11110+V13310,,1-19+1-9+10-19+100-249+20-49+250-499+50-99+500-999+GE1000+GE20+TOTAL,1999-2001,AT BE CZ DE EE ES FI FR GB GR HU IT LV NO PL PT RO SE SI SK,4187,4187
bd_size,Business demography by size class and NACE Rev. 2 activity,bd,nace_r2=B+C+D+E+F+G+H+I+J+K+L+M+N+P+Q+R+S+B-S_X_O_S94,indic_sbs=ENT_NR+EMP_NR+SAL_NR,age=TOTAL,0+1-4+5-9+GE10+TOTAL,2015-2024,AT BE CZ DE EE ES FI FR GR HU IT LV NO PL PT RO SE SI SK,25092,25034
bd_9bd_sz_cl_r2,Business demography by size class and NACE Rev. 2 activity (2004-2020),bd,nace_r2=B+C+D+E+F+G+H+I+J+K_X_K642+L+M+N+P+Q+R+S+B-N_X_K642+B-S_X_K642,indic_sb=V11910+V16910+V16911,,0+1-4+5-9+GE10+TOTAL,2004-2020,AT BE CZ DE EE ES FI FR GB GR HU IT LV NO PL PT RO SE SI SK,87474,86705
bd_9b_size_cl,"Business demography by size class (until 2007, NACE Rev. 1.1)",bd,nace_r1=C+D+E+F+G+H+I+J+K_X_K7415+C-K_X_K7415,indic_sb=V11910+V16910+V16911,,0+1-4+5-9+GE10+LE4+TOTAL,1999-2007,AT BE CZ DE EE ES FI FR GB GR HU IT LV NO PL PT RO SE SI SK,20026,19813
