paese,SBS_manif_turnover,SBS_manif_addetti,SBS_sezioni_turnover_min_max,SBS_turnover_anni,SBS_manif_classi_3su3,BD_imprese_attive_senza0
AT,1999-2024,1999-2024,8-16,1999-2024,1999-2024,2004-2024
BE,"1999-2001,2003-2024","1999-2001,2003-2024",8-16,"1999-2001,2003-2024","1999-2001,2003-2008,2010-2024",2006-2024
CZ,"1999-2004,2006-2024",1999-2024,5-16,1999-2024,1999-2024,2000-2024
DE,1999-2024,1999-2024,8-16,1999-2024,1999-2024,2004-2024
EE,1999-2024,2000-2024,8-16,1999-2024,1999-2024,2000-2024
ES,1999-2024,1999-2024,8-16,1999-2024,1999-2024,1999-2024
FI,1999-2024,1999-2024,8-16,1999-2024,1999-2024,1999-2024
FR,1999-2024,"1999-2007,2010-2024",8-16,1999-2024,"1999-2008,2010-2024","1999-2001,2003-2024"
GB,1999-2018,1999-2018,8-12,1999-2018,1999-2018,1999-2018
GR,2003-2024,2003-2024,3-16,1999-2024,"1999-2000,2003-2024","2004-2007,2015-2024"
HU,1999-2024,1999-2024,8-16,1999-2024,2000-2024,2000-2024
IT,1999-2024,1999-2024,8-15,1999-2024,1999-2024,1999-2024
LV,1999-2024,1999-2024,8-16,1999-2024,1999-2024,2000-2024
NO,"1999-2001,2003-2024","1999-2001,2003-2024",4-16,1999-2024,"1999-2000,2002-2024",2003-2024
PL,1999-2024,2002-2024,8-16,1999-2024,"1999-2001,2003-2024",2004-2024
PT,1999-2024,1999-2024,8-16,1999-2024,1999-2024,1999-2024
RO,1999-2024,1999-2024,6-16,1999-2024,2000-2024,2000-2024
SE,1999-2024,1999-2024,8-16,1999-2024,1999-2024,1999-2024
SI,1999-2024,2002-2024,8-16,1999-2024,1999-2024,2000-2024
SK,1999-2024,2000-2024,8-16,1999-2024,1999-2024,2000-2024
